País de residencia;Tipo de dato;Gastos y duración media de los viajes;Periodo;Total
Reino Unido;Dato base;Gasto total;2023M12;1.091,47
Reino Unido;Dato base;Gasto total;2023M11;1.067,86
Reino Unido;Dato base;Gasto total;2023M10;1.927,88
Reino Unido;Dato base;Gasto total;2023M09;2.246,00
Reino Unido;Dato base;Gasto total;2023M08;2.713,63
Reino Unido;Dato base;Gasto total;2023M07;2.582,58
Reino Unido;Dato base;Gasto total;2023M06;2.182,21
Reino Unido;Dato base;Gasto total;2023M05;1.891,20
Reino Unido;Dato base;Gasto total;2023M04;1.346,35
Reino Unido;Dato base;Gasto total;2023M03;1.158,88
Reino Unido;Dato base;Gasto total;2023M02;851,81
Reino Unido;Dato base;Gasto total;2023M01;845,83
Reino Unido;Dato base;Gasto medio por persona;2023M12;1.196
Reino Unido;Dato base;Gasto medio por persona;2023M11;1.125
Reino Unido;Dato base;Gasto medio por persona;2023M10;1.127
Reino Unido;Dato base;Gasto medio por persona;2023M09;1.156
Reino Unido;Dato base;Gasto medio por persona;2023M08;1.332
Reino Unido;Dato base;Gasto medio por persona;2023M07;1.293
Reino Unido;Dato base;Gasto medio por persona;2023M06;1.109
Reino Unido;Dato base;Gasto medio por persona;2023M05;1.045
Reino Unido;Dato base;Gasto medio por persona;2023M04;997
Reino Unido;Dato base;Gasto medio por persona;2023M03;1.094
Reino Unido;Dato base;Gasto medio por persona;2023M02;1.090
Reino Unido;Dato base;Gasto medio por persona;2023M01;1.140
Reino Unido;Dato base;Gasto medio diario por persona;2023M12;151
Reino Unido;Dato base;Gasto medio diario por persona;2023M11;166
Reino Unido;Dato base;Gasto medio diario por persona;2023M10;170
Reino Unido;Dato base;Gasto medio diario por persona;2023M09;170
Reino Unido;Dato base;Gasto medio diario por persona;2023M08;180
Reino Unido;Dato base;Gasto medio diario por persona;2023M07;194
Reino Unido;Dato base;Gasto medio diario por persona;2023M06;168
Reino Unido;Dato base;Gasto medio diario por persona;2023M05;173
Reino Unido;Dato base;Gasto medio diario por persona;2023M04;159
Reino Unido;Dato base;Gasto medio diario por persona;2023M03;156
Reino Unido;Dato base;Gasto medio diario por persona;2023M02;153
Reino Unido;Dato base;Gasto medio diario por persona;2023M01;138
Reino Unido;Dato base;Duración media de los viajes;2023M12;7,94
Reino Unido;Dato base;Duración media de los viajes;2023M11;6,78
Reino Unido;Dato base;Duración media de los viajes;2023M10;6,65
Reino Unido;Dato base;Duración media de los viajes;2023M09;6,81
Reino Unido;Dato base;Duración media de los viajes;2023M08;7,41
Reino Unido;Dato base;Duración media de los viajes;2023M07;6,67
Reino Unido;Dato base;Duración media de los viajes;2023M06;6,60
Reino Unido;Dato base;Duración media de los viajes;2023M05;6,03
Reino Unido;Dato base;Duración media de los viajes;2023M04;6,25
Reino Unido;Dato base;Duración media de los viajes;2023M03;7,02
Reino Unido;Dato base;Duración media de los viajes;2023M02;7,14
Reino Unido;Dato base;Duración media de los viajes;2023M01;8,26
Reino Unido;Tasa de variación anual;Gasto total;2023M12;29,31
Reino Unido;Tasa de variación anual;Gasto total;2023M11;18,41
Reino Unido;Tasa de variación anual;Gasto total;2023M10;17,74
Reino Unido;Tasa de variación anual;Gasto total;2023M09;15,32
Reino Unido;Tasa de variación anual;Gasto total;2023M08;17,07
Reino Unido;Tasa de variación anual;Gasto total;2023M07;8,25
Reino Unido;Tasa de variación anual;Gasto total;2023M06;11,84
Reino Unido;Tasa de variación anual;Gasto total;2023M05;8,57
Reino Unido;Tasa de variación anual;Gasto total;2023M04;3,99
Reino Unido;Tasa de variación anual;Gasto total;2023M03;14,29
Reino Unido;Tasa de variación anual;Gasto total;2023M02;26,67
Reino Unido;Tasa de variación anual;Gasto total;2023M01;89,53
Reino Unido;Tasa de variación anual;Gasto medio por persona;2023M12;8,36
Reino Unido;Tasa de variación anual;Gasto medio por persona;2023M11;3,14
Reino Unido;Tasa de variación anual;Gasto medio por persona;2023M10;4,99
Reino Unido;Tasa de variación anual;Gasto medio por persona;2023M09;6,49
Reino Unido;Tasa de variación anual;Gasto medio por persona;2023M08;5,79
Reino Unido;Tasa de variación anual;Gasto medio por persona;2023M07;2,59
Reino Unido;Tasa de variación anual;Gasto medio por persona;2023M06;2,82
Reino Unido;Tasa de variación anual;Gasto medio por persona;2023M05;-0,91
Reino Unido;Tasa de variación anual;Gasto medio por persona;2023M04;-4,11
Reino Unido;Tasa de variación anual;Gasto medio por persona;2023M03;-10,85
Reino Unido;Tasa de variación anual;Gasto medio por persona;2023M02;-6,17
Reino Unido;Tasa de variación anual;Gasto medio por persona;2023M01;-6,91
Reino Unido;Tasa de variación anual;Gasto medio diario por persona;2023M12;9,72
Reino Unido;Tasa de variación anual;Gasto medio diario por persona;2023M11;9,85
Reino Unido;Tasa de variación anual;Gasto medio diario por persona;2023M10;8,96
Reino Unido;Tasa de variación anual;Gasto medio diario por persona;2023M09;7,53
Reino Unido;Tasa de variación anual;Gasto medio diario por persona;2023M08;11,81
Reino Unido;Tasa de variación anual;Gasto medio diario por persona;2023M07;11,31
Reino Unido;Tasa de variación anual;Gasto medio diario por persona;2023M06;6,71
Reino Unido;Tasa de variación anual;Gasto medio diario por persona;2023M05;8,07
Reino Unido;Tasa de variación anual;Gasto medio diario por persona;2023M04;9,59
Reino Unido;Tasa de variación anual;Gasto medio diario por persona;2023M03;7,94
Reino Unido;Tasa de variación anual;Gasto medio diario por persona;2023M02;14,14
Reino Unido;Tasa de variación anual;Gasto medio diario por persona;2023M01;25,74
Reino Unido;Tasa de variación anual;Duración media de los viajes;2023M12;-1,24
Reino Unido;Tasa de variación anual;Duración media de los viajes;2023M11;-6,11
Reino Unido;Tasa de variación anual;Duración media de los viajes;2023M10;-3,65
Reino Unido;Tasa de variación anual;Duración media de los viajes;2023M09;-0,96
Reino Unido;Tasa de variación anual;Duración media de los viajes;2023M08;-5,38
Reino Unido;Tasa de variación anual;Duración media de los viajes;2023M07;-7,84
Reino Unido;Tasa de variación anual;Duración media de los viajes;2023M06;-3,64
Reino Unido;Tasa de variación anual;Duración media de los viajes;2023M05;-8,31
Reino Unido;Tasa de variación anual;Duración media de los viajes;2023M04;-12,50
Reino Unido;Tasa de variación anual;Duración media de los viajes;2023M03;-17,41
Reino Unido;Tasa de variación anual;Duración media de los viajes;2023M02;-17,80
Reino Unido;Tasa de variación anual;Duración media de los viajes;2023M01;-25,96
Reino Unido;Acumulado en lo que va de año;Gasto total;2023M12;19.905,68
Reino Unido;Acumulado en lo que va de año;Gasto total;2023M11;18.814,21
Reino Unido;Acumulado en lo que va de año;Gasto total;2023M10;17.746,36
Reino Unido;Acumulado en lo que va de año;Gasto total;2023M09;15.818,47
Reino Unido;Acumulado en lo que va de año;Gasto total;2023M08;13.572,48
Reino Unido;Acumulado en lo que va de año;Gasto total;2023M07;10.858,85
Reino Unido;Acumulado en lo que va de año;Gasto total;2023M06;8.276,26
Reino Unido;Acumulado en lo que va de año;Gasto total;2023M05;6.094,05
Reino Unido;Acumulado en lo que va de año;Gasto total;2023M04;4.202,86
Reino Unido;Acumulado en lo que va de año;Gasto total;2023M03;2.856,51
Reino Unido;Acumulado en lo que va de año;Gasto total;2023M02;1.697,63
Reino Unido;Acumulado en lo que va de año;Gasto total;2023M01;845,83
Reino Unido;Acumulado en lo que va de año;Gasto medio por persona;2023M12;1.153
Reino Unido;Acumulado en lo que va de año;Gasto medio por persona;2023M11;1.151
Reino Unido;Acumulado en lo que va de año;Gasto medio por persona;2023M10;1.152
Reino Unido;Acumulado en lo que va de año;Gasto medio por persona;2023M09;1.156
Reino Unido;Acumulado en lo que va de año;Gasto medio por persona;2023M08;1.155
Reino Unido;Acumulado en lo que va de año;Gasto medio por persona;2023M07;1.118
Reino Unido;Acumulado en lo que va de año;Gasto medio por persona;2023M06;1.073
Reino Unido;Acumulado en lo que va de año;Gasto medio por persona;2023M05;1.061
Reino Unido;Acumulado en lo que va de año;Gasto medio por persona;2023M04;1.069
Reino Unido;Acumulado en lo que va de año;Gasto medio por persona;2023M03;1.106
Reino Unido;Acumulado en lo que va de año;Gasto medio por persona;2023M02;1.114
Reino Unido;Acumulado en lo que va de año;Gasto medio por persona;2023M01;1.140
Reino Unido;Acumulado en lo que va de año;Gasto medio diario por persona;2023M12;168
Reino Unido;Acumulado en lo que va de año;Gasto medio diario por persona;2023M11;170
Reino Unido;Acumulado en lo que va de año;Gasto medio diario por persona;2023M10;170
Reino Unido;Acumulado en lo que va de año;Gasto medio diario por persona;2023M09;170
Reino Unido;Acumulado en lo que va de año;Gasto medio diario por persona;2023M08;170
Reino Unido;Acumulado en lo que va de año;Gasto medio diario por persona;2023M07;168
Reino Unido;Acumulado en lo que va de año;Gasto medio diario por persona;2023M06;161
Reino Unido;Acumulado en lo que va de año;Gasto medio diario por persona;2023M05;158
Reino Unido;Acumulado en lo que va de año;Gasto medio diario por persona;2023M04;152
Reino Unido;Acumulado en lo que va de año;Gasto medio diario por persona;2023M03;149
Reino Unido;Acumulado en lo que va de año;Gasto medio diario por persona;2023M02;145
Reino Unido;Acumulado en lo que va de año;Gasto medio diario por persona;2023M01;138
Reino Unido;Acumulado en lo que va de año;Duración media de los viajes;2023M12;6,85
Reino Unido;Acumulado en lo que va de año;Duración media de los viajes;2023M11;6,79
Reino Unido;Acumulado en lo que va de año;Duración media de los viajes;2023M10;6,79
Reino Unido;Acumulado en lo que va de año;Duración media de los viajes;2023M09;6,80
Reino Unido;Acumulado en lo que va de año;Duración media de los viajes;2023M08;6,80
Reino Unido;Acumulado en lo que va de año;Duración media de los viajes;2023M07;6,68
Reino Unido;Acumulado en lo que va de año;Duración media de los viajes;2023M06;6,68
Reino Unido;Acumulado en lo que va de año;Duración media de los viajes;2023M05;6,70
Reino Unido;Acumulado en lo que va de año;Duración media de los viajes;2023M04;7,02
Reino Unido;Acumulado en lo que va de año;Duración media de los viajes;2023M03;7,41
Reino Unido;Acumulado en lo que va de año;Duración media de los viajes;2023M02;7,69
Reino Unido;Acumulado en lo que va de año;Duración media de los viajes;2023M01;8,26
Reino Unido;Tasa de variación acumulada;Gasto total;2023M12;16,03
Reino Unido;Tasa de variación acumulada;Gasto total;2023M11;15,35
Reino Unido;Tasa de variación acumulada;Gasto total;2023M10;15,17
Reino Unido;Tasa de variación acumulada;Gasto total;2023M09;14,86
Reino Unido;Tasa de variación acumulada;Gasto total;2023M08;14,79
Reino Unido;Tasa de variación acumulada;Gasto total;2023M07;14,23
Reino Unido;Tasa de variación acumulada;Gasto total;2023M06;16,23
Reino Unido;Tasa de variación acumulada;Gasto total;2023M05;17,89
Reino Unido;Tasa de variación acumulada;Gasto total;2023M04;22,63
Reino Unido;Tasa de variación acumulada;Gasto total;2023M03;33,94
Reino Unido;Tasa de variación acumulada;Gasto total;2023M02;51,74
Reino Unido;Tasa de variación acumulada;Gasto total;2023M01;89,53
Reino Unido;Tasa de variación acumulada;Gasto medio por persona;2023M12;1,65
Reino Unido;Tasa de variación acumulada;Gasto medio por persona;2023M11;1,29
Reino Unido;Tasa de variación acumulada;Gasto medio por persona;2023M10;1,18
Reino Unido;Tasa de variación acumulada;Gasto medio por persona;2023M09;0,73
Reino Unido;Tasa de variación acumulada;Gasto medio por persona;2023M08;-0,22
Reino Unido;Tasa de variación acumulada;Gasto medio por persona;2023M07;-1,53
Reino Unido;Tasa de variación acumulada;Gasto medio por persona;2023M06;-2,39
Reino Unido;Tasa de variación acumulada;Gasto medio por persona;2023M05;-4,21
Reino Unido;Tasa de variación acumulada;Gasto medio por persona;2023M04;-6,01
Reino Unido;Tasa de variación acumulada;Gasto medio por persona;2023M03;-8,23
Reino Unido;Tasa de variación acumulada;Gasto medio por persona;2023M02;-6,05
Reino Unido;Tasa de variación acumulada;Gasto medio por persona;2023M01;-6,91
Reino Unido;Tasa de variación acumulada;Gasto medio diario por persona;2023M12;9,33
Reino Unido;Tasa de variación acumulada;Gasto medio diario por persona;2023M11;9,39
Reino Unido;Tasa de variación acumulada;Gasto medio diario por persona;2023M10;9,37
Reino Unido;Tasa de variación acumulada;Gasto medio diario por persona;2023M09;9,42
Reino Unido;Tasa de variación acumulada;Gasto medio diario por persona;2023M08;9,73
Reino Unido;Tasa de variación acumulada;Gasto medio diario por persona;2023M07;9,22
Reino Unido;Tasa de variación acumulada;Gasto medio diario por persona;2023M06;8,96
Reino Unido;Tasa de variación acumulada;Gasto medio diario por persona;2023M05;9,85
Reino Unido;Tasa de variación acumulada;Gasto medio diario por persona;2023M04;11,19
Reino Unido;Tasa de variación acumulada;Gasto medio diario por persona;2023M03;12,75
Reino Unido;Tasa de variación acumulada;Gasto medio diario por persona;2023M02;17,85
Reino Unido;Tasa de variación acumulada;Gasto medio diario por persona;2023M01;25,74
Reino Unido;Tasa de variación acumulada;Duración media de los viajes;2023M12;-7,03
Reino Unido;Tasa de variación acumulada;Duración media de los viajes;2023M11;-7,41
Reino Unido;Tasa de variación acumulada;Duración media de los viajes;2023M10;-7,48
Reino Unido;Tasa de variación acumulada;Duración media de los viajes;2023M09;-7,94
Reino Unido;Tasa de variación acumulada;Duración media de los viajes;2023M08;-9,07
Reino Unido;Tasa de variación acumulada;Duración media de los viajes;2023M07;-9,84
Reino Unido;Tasa de variación acumulada;Duración media de los viajes;2023M06;-10,41
Reino Unido;Tasa de variación acumulada;Duración media de los viajes;2023M05;-12,80
Reino Unido;Tasa de variación acumulada;Duración media de los viajes;2023M04;-15,46
Reino Unido;Tasa de variación acumulada;Duración media de los viajes;2023M03;-18,61
Reino Unido;Tasa de variación acumulada;Duración media de los viajes;2023M02;-20,28
Reino Unido;Tasa de variación acumulada;Duración media de los viajes;2023M01;-25,96
Países Nórdicos;Dato base;Gasto total;2023M12;552,41
Países Nórdicos;Dato base;Gasto total;2023M11;635,69
Países Nórdicos;Dato base;Gasto total;2023M10;672,33
Países Nórdicos;Dato base;Gasto total;2023M09;543,17
Países Nórdicos;Dato base;Gasto total;2023M08;510,67
Países Nórdicos;Dato base;Gasto total;2023M07;963,51
Países Nórdicos;Dato base;Gasto total;2023M06;529,91
Países Nórdicos;Dato base;Gasto total;2023M05;410,14
Países Nórdicos;Dato base;Gasto total;2023M04;626,05
Países Nórdicos;Dato base;Gasto total;2023M03;581,79
Países Nórdicos;Dato base;Gasto total;2023M02;465,23
Países Nórdicos;Dato base;Gasto total;2023M01;479,74
Países Nórdicos;Dato base;Gasto medio por persona;2023M12;1.611
Países Nórdicos;Dato base;Gasto medio por persona;2023M11;1.569
Países Nórdicos;Dato base;Gasto medio por persona;2023M10;1.331
Países Nórdicos;Dato base;Gasto medio por persona;2023M09;1.340
Países Nórdicos;Dato base;Gasto medio por persona;2023M08;1.545
Países Nórdicos;Dato base;Gasto medio por persona;2023M07;1.648
Países Nórdicos;Dato base;Gasto medio por persona;2023M06;1.343
Países Nórdicos;Dato base;Gasto medio por persona;2023M05;1.214
Países Nórdicos;Dato base;Gasto medio por persona;2023M04;1.460
Países Nórdicos;Dato base;Gasto medio por persona;2023M03;1.511
Países Nórdicos;Dato base;Gasto medio por persona;2023M02;1.399
Países Nórdicos;Dato base;Gasto medio por persona;2023M01;1.398
Países Nórdicos;Dato base;Gasto medio diario por persona;2023M12;147
Países Nórdicos;Dato base;Gasto medio diario por persona;2023M11;163
Países Nórdicos;Dato base;Gasto medio diario por persona;2023M10;165
Países Nórdicos;Dato base;Gasto medio diario por persona;2023M09;180
Países Nórdicos;Dato base;Gasto medio diario por persona;2023M08;170
Países Nórdicos;Dato base;Gasto medio diario por persona;2023M07;175
Países Nórdicos;Dato base;Gasto medio diario por persona;2023M06;167
Países Nórdicos;Dato base;Gasto medio diario por persona;2023M05;151
Países Nórdicos;Dato base;Gasto medio diario por persona;2023M04;157
Países Nórdicos;Dato base;Gasto medio diario por persona;2023M03;159
Países Nórdicos;Dato base;Gasto medio diario por persona;2023M02;164
Países Nórdicos;Dato base;Gasto medio diario por persona;2023M01;151
Países Nórdicos;Dato base;Duración media de los viajes;2023M12;10,96
Países Nórdicos;Dato base;Duración media de los viajes;2023M11;9,63
Países Nórdicos;Dato base;Duración media de los viajes;2023M10;8,07
Países Nórdicos;Dato base;Duración media de los viajes;2023M09;7,45
Países Nórdicos;Dato base;Duración media de los viajes;2023M08;9,11
Países Nórdicos;Dato base;Duración media de los viajes;2023M07;9,42
Países Nórdicos;Dato base;Duración media de los viajes;2023M06;8,03
Países Nórdicos;Dato base;Duración media de los viajes;2023M05;8,05
Países Nórdicos;Dato base;Duración media de los viajes;2023M04;9,28
Países Nórdicos;Dato base;Duración media de los viajes;2023M03;9,53
Países Nórdicos;Dato base;Duración media de los viajes;2023M02;8,54
Países Nórdicos;Dato base;Duración media de los viajes;2023M01;9,27
Países Nórdicos;Tasa de variación anual;Gasto total;2023M12;20,01
Países Nórdicos;Tasa de variación anual;Gasto total;2023M11;19,02
Países Nórdicos;Tasa de variación anual;Gasto total;2023M10;7,79
Países Nórdicos;Tasa de variación anual;Gasto total;2023M09;21,95
Países Nórdicos;Tasa de variación anual;Gasto total;2023M08;13,27
Países Nórdicos;Tasa de variación anual;Gasto total;2023M07;6,71
Países Nórdicos;Tasa de variación anual;Gasto total;2023M06;11,24
Países Nórdicos;Tasa de variación anual;Gasto total;2023M05;-4,10
Países Nórdicos;Tasa de variación anual;Gasto total;2023M04;16,43
Países Nórdicos;Tasa de variación anual;Gasto total;2023M03;32,33
Países Nórdicos;Tasa de variación anual;Gasto total;2023M02;33,98
Países Nórdicos;Tasa de variación anual;Gasto total;2023M01;64,73
Países Nórdicos;Tasa de variación anual;Gasto medio por persona;2023M12;7,83
Países Nórdicos;Tasa de variación anual;Gasto medio por persona;2023M11;6,84
Países Nórdicos;Tasa de variación anual;Gasto medio por persona;2023M10;2,90
Países Nórdicos;Tasa de variación anual;Gasto medio por persona;2023M09;14,89
Países Nórdicos;Tasa de variación anual;Gasto medio por persona;2023M08;5,75
Países Nórdicos;Tasa de variación anual;Gasto medio por persona;2023M07;5,51
Países Nórdicos;Tasa de variación anual;Gasto medio por persona;2023M06;7,96
Países Nórdicos;Tasa de variación anual;Gasto medio por persona;2023M05;-1,87
Países Nórdicos;Tasa de variación anual;Gasto medio por persona;2023M04;5,33
Países Nórdicos;Tasa de variación anual;Gasto medio por persona;2023M03;1,70
Países Nórdicos;Tasa de variación anual;Gasto medio por persona;2023M02;0,05
Países Nórdicos;Tasa de variación anual;Gasto medio por persona;2023M01;-0,19
Países Nórdicos;Tasa de variación anual;Gasto medio diario por persona;2023M12;3,83
Países Nórdicos;Tasa de variación anual;Gasto medio diario por persona;2023M11;9,13
Países Nórdicos;Tasa de variación anual;Gasto medio diario por persona;2023M10;0,39
Países Nórdicos;Tasa de variación anual;Gasto medio diario por persona;2023M09;4,84
Países Nórdicos;Tasa de variación anual;Gasto medio diario por persona;2023M08;12,28
Países Nórdicos;Tasa de variación anual;Gasto medio diario por persona;2023M07;12,24
Países Nórdicos;Tasa de variación anual;Gasto medio diario por persona;2023M06;5,10
Países Nórdicos;Tasa de variación anual;Gasto medio diario por persona;2023M05;-0,41
Países Nórdicos;Tasa de variación anual;Gasto medio diario por persona;2023M04;21,19
Países Nórdicos;Tasa de variación anual;Gasto medio diario por persona;2023M03;7,35
Países Nórdicos;Tasa de variación anual;Gasto medio diario por persona;2023M02;21,06
Países Nórdicos;Tasa de variación anual;Gasto medio diario por persona;2023M01;21,32
Países Nórdicos;Tasa de variación anual;Duración media de los viajes;2023M12;3,85
Países Nórdicos;Tasa de variación anual;Duración media de los viajes;2023M11;-2,10
Países Nórdicos;Tasa de variación anual;Duración media de los viajes;2023M10;2,50
Países Nórdicos;Tasa de variación anual;Duración media de los viajes;2023M09;9,58
Países Nórdicos;Tasa de variación anual;Duración media de los viajes;2023M08;-5,82
Países Nórdicos;Tasa de variación anual;Duración media de los viajes;2023M07;-5,99
Países Nórdicos;Tasa de variación anual;Duración media de los viajes;2023M06;2,72
Países Nórdicos;Tasa de variación anual;Duración media de los viajes;2023M05;-1,47
Países Nórdicos;Tasa de variación anual;Duración media de los viajes;2023M04;-13,08
Países Nórdicos;Tasa de variación anual;Duración media de los viajes;2023M03;-5,27
Países Nórdicos;Tasa de variación anual;Duración media de los viajes;2023M02;-17,35
Países Nórdicos;Tasa de variación anual;Duración media de los viajes;2023M01;-17,73
Países Nórdicos;Acumulado en lo que va de año;Gasto total;2023M12;6.970,64
Países Nórdicos;Acumulado en lo que va de año;Gasto total;2023M11;6.418,23
Países Nórdicos;Acumulado en lo que va de año;Gasto total;2023M10;5.782,54
Países Nórdicos;Acumulado en lo que va de año;Gasto total;2023M09;5.110,21
Países Nórdicos;Acumulado en lo que va de año;Gasto total;2023M08;4.567,04
Países Nórdicos;Acumulado en lo que va de año;Gasto total;2023M07;4.056,37
Países Nórdicos;Acumulado en lo que va de año;Gasto total;2023M06;3.092,86
Países Nórdicos;Acumulado en lo que va de año;Gasto total;2023M05;2.562,94
Países Nórdicos;Acumulado en lo que va de año;Gasto total;2023M04;2.152,81
Países Nórdicos;Acumulado en lo que va de año;Gasto total;2023M03;1.526,75
Países Nórdicos;Acumulado en lo que va de año;Gasto total;2023M02;944,96
Países Nórdicos;Acumulado en lo que va de año;Gasto total;2023M01;479,74
Países Nórdicos;Acumulado en lo que va de año;Gasto medio por persona;2023M12;1.454
Países Nórdicos;Acumulado en lo que va de año;Gasto medio por persona;2023M11;1.441
Países Nórdicos;Acumulado en lo que va de año;Gasto medio por persona;2023M10;1.429
Países Nórdicos;Acumulado en lo que va de año;Gasto medio por persona;2023M09;1.443
Países Nórdicos;Acumulado en lo que va de año;Gasto medio por persona;2023M08;1.456
Países Nórdicos;Acumulado en lo que va de año;Gasto medio por persona;2023M07;1.445
Países Nórdicos;Acumulado en lo que va de año;Gasto medio por persona;2023M06;1.392
Países Nórdicos;Acumulado en lo que va de año;Gasto medio por persona;2023M05;1.402
Países Nórdicos;Acumulado en lo que va de año;Gasto medio por persona;2023M04;1.445
Países Nórdicos;Acumulado en lo que va de año;Gasto medio por persona;2023M03;1.439
Países Nórdicos;Acumulado en lo que va de año;Gasto medio por persona;2023M02;1.398
Países Nórdicos;Acumulado en lo que va de año;Gasto medio por persona;2023M01;1.398
Países Nórdicos;Acumulado en lo que va de año;Gasto medio diario por persona;2023M12;163
Países Nórdicos;Acumulado en lo que va de año;Gasto medio diario por persona;2023M11;164
Países Nórdicos;Acumulado en lo que va de año;Gasto medio diario por persona;2023M10;164
Países Nórdicos;Acumulado en lo que va de año;Gasto medio diario por persona;2023M09;164
Países Nórdicos;Acumulado en lo que va de año;Gasto medio diario por persona;2023M08;163
Países Nórdicos;Acumulado en lo que va de año;Gasto medio diario por persona;2023M07;162
Países Nórdicos;Acumulado en lo que va de año;Gasto medio diario por persona;2023M06;158
Países Nórdicos;Acumulado en lo que va de año;Gasto medio diario por persona;2023M05;156
Países Nórdicos;Acumulado en lo que va de año;Gasto medio diario por persona;2023M04;158
Países Nórdicos;Acumulado en lo que va de año;Gasto medio diario por persona;2023M03;158
Países Nórdicos;Acumulado en lo que va de año;Gasto medio diario por persona;2023M02;157
Países Nórdicos;Acumulado en lo que va de año;Gasto medio diario por persona;2023M01;151
Países Nórdicos;Acumulado en lo que va de año;Duración media de los viajes;2023M12;8,93
Países Nórdicos;Acumulado en lo que va de año;Duración media de los viajes;2023M11;8,77
Países Nórdicos;Acumulado en lo que va de año;Duración media de los viajes;2023M10;8,69
Países Nórdicos;Acumulado en lo que va de año;Duración media de los viajes;2023M09;8,78
Países Nórdicos;Acumulado en lo que va de año;Duración media de los viajes;2023M08;8,95
Países Nórdicos;Acumulado en lo que va de año;Duración media de los viajes;2023M07;8,93
Países Nórdicos;Acumulado en lo que va de año;Duración media de los viajes;2023M06;8,80
Países Nórdicos;Acumulado en lo que va de año;Duración media de los viajes;2023M05;8,97
Países Nórdicos;Acumulado en lo que va de año;Duración media de los viajes;2023M04;9,17
Países Nórdicos;Acumulado en lo que va de año;Duración media de los viajes;2023M03;9,13
Países Nórdicos;Acumulado en lo que va de año;Duración media de los viajes;2023M02;8,91
Países Nórdicos;Acumulado en lo que va de año;Duración media de los viajes;2023M01;9,27
Países Nórdicos;Tasa de variación acumulada;Gasto total;2023M12;17,41
Países Nórdicos;Tasa de variación acumulada;Gasto total;2023M11;17,19
Países Nórdicos;Tasa de variación acumulada;Gasto total;2023M10;16,99
Países Nórdicos;Tasa de variación acumulada;Gasto total;2023M09;18,32
Países Nórdicos;Tasa de variación acumulada;Gasto total;2023M08;17,90
Países Nórdicos;Tasa de variación acumulada;Gasto total;2023M07;18,51
Países Nórdicos;Tasa de variación acumulada;Gasto total;2023M06;22,74
Países Nórdicos;Tasa de variación acumulada;Gasto total;2023M05;25,42
Países Nórdicos;Tasa de variación acumulada;Gasto total;2023M04;33,23
Países Nórdicos;Tasa de variación acumulada;Gasto total;2023M03;41,61
Países Nórdicos;Tasa de variación acumulada;Gasto total;2023M02;48,00
Países Nórdicos;Tasa de variación acumulada;Gasto total;2023M01;64,73
Países Nórdicos;Tasa de variación acumulada;Gasto medio por persona;2023M12;5,06
Países Nórdicos;Tasa de variación acumulada;Gasto medio por persona;2023M11;4,83
Países Nórdicos;Tasa de variación acumulada;Gasto medio por persona;2023M10;4,61
Países Nórdicos;Tasa de variación acumulada;Gasto medio por persona;2023M09;4,78
Países Nórdicos;Tasa de variación acumulada;Gasto medio por persona;2023M08;3,55
Países Nórdicos;Tasa de variación acumulada;Gasto medio por persona;2023M07;3,32
Países Nórdicos;Tasa de variación acumulada;Gasto medio por persona;2023M06;3,22
Países Nórdicos;Tasa de variación acumulada;Gasto medio por persona;2023M05;1,97
Países Nórdicos;Tasa de variación acumulada;Gasto medio por persona;2023M04;1,98
Países Nórdicos;Tasa de variación acumulada;Gasto medio por persona;2023M03;0,41
Países Nórdicos;Tasa de variación acumulada;Gasto medio por persona;2023M02;-0,07
Países Nórdicos;Tasa de variación acumulada;Gasto medio por persona;2023M01;-0,19
Países Nórdicos;Tasa de variación acumulada;Gasto medio diario por persona;2023M12;9,22
Países Nórdicos;Tasa de variación acumulada;Gasto medio diario por persona;2023M11;9,75
Países Nórdicos;Tasa de variación acumulada;Gasto medio diario por persona;2023M10;9,81
Países Nórdicos;Tasa de variación acumulada;Gasto medio diario por persona;2023M09;11,18
Países Nórdicos;Tasa de variación acumulada;Gasto medio diario por persona;2023M08;11,80
Países Nórdicos;Tasa de variación acumulada;Gasto medio diario por persona;2023M07;11,76
Países Nórdicos;Tasa de variación acumulada;Gasto medio diario por persona;2023M06;11,99
Países Nórdicos;Tasa de variación acumulada;Gasto medio diario por persona;2023M05;13,66
Países Nórdicos;Tasa de variación acumulada;Gasto medio diario por persona;2023M04;17,23
Países Nórdicos;Tasa de variación acumulada;Gasto medio diario por persona;2023M03;15,24
Países Nórdicos;Tasa de variación acumulada;Gasto medio diario por persona;2023M02;20,67
Países Nórdicos;Tasa de variación acumulada;Gasto medio diario por persona;2023M01;21,32
Países Nórdicos;Tasa de variación acumulada;Duración media de los viajes;2023M12;-3,81
Países Nórdicos;Tasa de variación acumulada;Duración media de los viajes;2023M11;-4,48
Países Nórdicos;Tasa de variación acumulada;Duración media de los viajes;2023M10;-4,74
Países Nórdicos;Tasa de variación acumulada;Duración media de los viajes;2023M09;-5,75
Países Nórdicos;Tasa de variación acumulada;Duración media de los viajes;2023M08;-7,38
Países Nórdicos;Tasa de variación acumulada;Duración media de los viajes;2023M07;-7,56
Países Nórdicos;Tasa de variación acumulada;Duración media de los viajes;2023M06;-7,83
Países Nórdicos;Tasa de variación acumulada;Duración media de los viajes;2023M05;-10,28
Países Nórdicos;Tasa de variación acumulada;Duración media de los viajes;2023M04;-13,01
Países Nórdicos;Tasa de variación acumulada;Duración media de los viajes;2023M03;-12,86
Países Nórdicos;Tasa de variación acumulada;Duración media de los viajes;2023M02;-17,18
Países Nórdicos;Tasa de variación acumulada;Duración media de los viajes;2023M01;-17,73
Resto del Mundo;Dato base;Gasto total;2023M12;3.674,73
Resto del Mundo;Dato base;Gasto total;2023M11;3.391,67
Resto del Mundo;Dato base;Gasto total;2023M10;5.213,49
Resto del Mundo;Dato base;Gasto total;2023M09;5.705,90
Resto del Mundo;Dato base;Gasto total;2023M08;6.162,64
Resto del Mundo;Dato base;Gasto total;2023M07;6.915,85
Resto del Mundo;Dato base;Gasto total;2023M06;5.469,27
Resto del Mundo;Dato base;Gasto total;2023M05;5.114,88
Resto del Mundo;Dato base;Gasto total;2023M04;4.152,87
Resto del Mundo;Dato base;Gasto total;2023M03;3.372,04
Resto del Mundo;Dato base;Gasto total;2023M02;2.757,61
Resto del Mundo;Dato base;Gasto total;2023M01;2.732,82
Resto del Mundo;Dato base;Gasto medio por persona;2023M12;1.655
Resto del Mundo;Dato base;Gasto medio por persona;2023M11;1.531
Resto del Mundo;Dato base;Gasto medio por persona;2023M10;1.522
Resto del Mundo;Dato base;Gasto medio por persona;2023M09;1.517
Resto del Mundo;Dato base;Gasto medio por persona;2023M08;1.572
Resto del Mundo;Dato base;Gasto medio por persona;2023M07;1.625
Resto del Mundo;Dato base;Gasto medio por persona;2023M06;1.585
Resto del Mundo;Dato base;Gasto medio por persona;2023M05;1.480
Resto del Mundo;Dato base;Gasto medio por persona;2023M04;1.381
Resto del Mundo;Dato base;Gasto medio por persona;2023M03;1.547
Resto del Mundo;Dato base;Gasto medio por persona;2023M02;1.525
Resto del Mundo;Dato base;Gasto medio por persona;2023M01;1.515
Resto del Mundo;Dato base;Gasto medio diario por persona;2023M12;177
Resto del Mundo;Dato base;Gasto medio diario por persona;2023M11;208
Resto del Mundo;Dato base;Gasto medio diario por persona;2023M10;233
Resto del Mundo;Dato base;Gasto medio diario por persona;2023M09;230
Resto del Mundo;Dato base;Gasto medio diario por persona;2023M08;206
Resto del Mundo;Dato base;Gasto medio diario por persona;2023M07;227
Resto del Mundo;Dato base;Gasto medio diario por persona;2023M06;236
Resto del Mundo;Dato base;Gasto medio diario por persona;2023M05;226
Resto del Mundo;Dato base;Gasto medio diario por persona;2023M04;217
Resto del Mundo;Dato base;Gasto medio diario por persona;2023M03;200
Resto del Mundo;Dato base;Gasto medio diario por persona;2023M02;194
Resto del Mundo;Dato base;Gasto medio diario por persona;2023M01;172
Resto del Mundo;Dato base;Duración media de los viajes;2023M12;9,33
Resto del Mundo;Dato base;Duración media de los viajes;2023M11;7,37
Resto del Mundo;Dato base;Duración media de los viajes;2023M10;6,52
Resto del Mundo;Dato base;Duración media de los viajes;2023M09;6,61
Resto del Mundo;Dato base;Duración media de los viajes;2023M08;7,62
Resto del Mundo;Dato base;Duración media de los viajes;2023M07;7,16
Resto del Mundo;Dato base;Duración media de los viajes;2023M06;6,72
Resto del Mundo;Dato base;Duración media de los viajes;2023M05;6,55
Resto del Mundo;Dato base;Duración media de los viajes;2023M04;6,37
Resto del Mundo;Dato base;Duración media de los viajes;2023M03;7,72
Resto del Mundo;Dato base;Duración media de los viajes;2023M02;7,86
Resto del Mundo;Dato base;Duración media de los viajes;2023M01;8,80
Resto del Mundo;Tasa de variación anual;Gasto total;2023M12;44,90
Resto del Mundo;Tasa de variación anual;Gasto total;2023M11;29,45
Resto del Mundo;Tasa de variación anual;Gasto total;2023M10;33,82
Resto del Mundo;Tasa de variación anual;Gasto total;2023M09;30,92
Resto del Mundo;Tasa de variación anual;Gasto total;2023M08;25,62
Resto del Mundo;Tasa de variación anual;Gasto total;2023M07;23,77
Resto del Mundo;Tasa de variación anual;Gasto total;2023M06;24,62
Resto del Mundo;Tasa de variación anual;Gasto total;2023M05;33,86
Resto del Mundo;Tasa de variación anual;Gasto total;2023M04;33,12
Resto del Mundo;Tasa de variación anual;Gasto total;2023M03;45,29
Resto del Mundo;Tasa de variación anual;Gasto total;2023M02;58,22
Resto del Mundo;Tasa de variación anual;Gasto total;2023M01;79,95
Resto del Mundo;Tasa de variación anual;Gasto medio por persona;2023M12;9,69
Resto del Mundo;Tasa de variación anual;Gasto medio por persona;2023M11;3,10
Resto del Mundo;Tasa de variación anual;Gasto medio por persona;2023M10;10,87
Resto del Mundo;Tasa de variación anual;Gasto medio por persona;2023M09;8,99
Resto del Mundo;Tasa de variación anual;Gasto medio por persona;2023M08;5,78
Resto del Mundo;Tasa de variación anual;Gasto medio por persona;2023M07;5,60
Resto del Mundo;Tasa de variación anual;Gasto medio por persona;2023M06;4,74
Resto del Mundo;Tasa de variación anual;Gasto medio por persona;2023M05;5,61
Resto del Mundo;Tasa de variación anual;Gasto medio por persona;2023M04;4,39
Resto del Mundo;Tasa de variación anual;Gasto medio por persona;2023M03;7,66
Resto del Mundo;Tasa de variación anual;Gasto medio por persona;2023M02;12,19
Resto del Mundo;Tasa de variación anual;Gasto medio por persona;2023M01;13,95
Resto del Mundo;Tasa de variación anual;Gasto medio diario por persona;2023M12;-3,11
Resto del Mundo;Tasa de variación anual;Gasto medio diario por persona;2023M11;0,77
Resto del Mundo;Tasa de variación anual;Gasto medio diario por persona;2023M10;12,53
Resto del Mundo;Tasa de variación anual;Gasto medio diario por persona;2023M09;11,66
Resto del Mundo;Tasa de variación anual;Gasto medio diario por persona;2023M08;8,09
Resto del Mundo;Tasa de variación anual;Gasto medio diario por persona;2023M07;16,73
Resto del Mundo;Tasa de variación anual;Gasto medio diario por persona;2023M06;12,38
Resto del Mundo;Tasa de variación anual;Gasto medio diario por persona;2023M05;6,07
Resto del Mundo;Tasa de variación anual;Gasto medio diario por persona;2023M04;14,49
Resto del Mundo;Tasa de variación anual;Gasto medio diario por persona;2023M03;4,51
Resto del Mundo;Tasa de variación anual;Gasto medio diario por persona;2023M02;26,41
Resto del Mundo;Tasa de variación anual;Gasto medio diario por persona;2023M01;20,44
Resto del Mundo;Tasa de variación anual;Duración media de los viajes;2023M12;13,22
Resto del Mundo;Tasa de variación anual;Duración media de los viajes;2023M11;2,31
Resto del Mundo;Tasa de variación anual;Duración media de los viajes;2023M10;-1,47
Resto del Mundo;Tasa de variación anual;Duración media de los viajes;2023M09;-2,40
Resto del Mundo;Tasa de variación anual;Duración media de los viajes;2023M08;-2,14
Resto del Mundo;Tasa de variación anual;Duración media de los viajes;2023M07;-9,53
Resto del Mundo;Tasa de variación anual;Duración media de los viajes;2023M06;-6,80
Resto del Mundo;Tasa de variación anual;Duración media de los viajes;2023M05;-0,44
Resto del Mundo;Tasa de variación anual;Duración media de los viajes;2023M04;-8,82
Resto del Mundo;Tasa de variación anual;Duración media de los viajes;2023M03;3,01
Resto del Mundo;Tasa de variación anual;Duración media de los viajes;2023M02;-11,25
Resto del Mundo;Tasa de variación anual;Duración media de los viajes;2023M01;-5,38
Resto del Mundo;Acumulado en lo que va de año;Gasto total;2023M12;54.663,78
Resto del Mundo;Acumulado en lo que va de año;Gasto total;2023M11;50.989,05
Resto del Mundo;Acumulado en lo que va de año;Gasto total;2023M10;47.597,38
Resto del Mundo;Acumulado en lo que va de año;Gasto total;2023M09;42.383,89
Resto del Mundo;Acumulado en lo que va de año;Gasto total;2023M08;36.677,98
Resto del Mundo;Acumulado en lo que va de año;Gasto total;2023M07;30.515,34
Resto del Mundo;Acumulado en lo que va de año;Gasto total;2023M06;23.599,49
Resto del Mundo;Acumulado en lo que va de año;Gasto total;2023M05;18.130,22
Resto del Mundo;Acumulado en lo que va de año;Gasto total;2023M04;13.015,35
Resto del Mundo;Acumulado en lo que va de año;Gasto total;2023M03;8.862,48
Resto del Mundo;Acumulado en lo que va de año;Gasto total;2023M02;5.490,44
Resto del Mundo;Acumulado en lo que va de año;Gasto total;2023M01;2.732,82
Resto del Mundo;Acumulado en lo que va de año;Gasto medio por persona;2023M12;1.540
Resto del Mundo;Acumulado en lo que va de año;Gasto medio por persona;2023M11;1.532
Resto del Mundo;Acumulado en lo que va de año;Gasto medio por persona;2023M10;1.532
Resto del Mundo;Acumulado en lo que va de año;Gasto medio por persona;2023M09;1.533
Resto del Mundo;Acumulado en lo que va de año;Gasto medio por persona;2023M08;1.536
Resto del Mundo;Acumulado en lo que va de año;Gasto medio por persona;2023M07;1.529
Resto del Mundo;Acumulado en lo que va de año;Gasto medio por persona;2023M06;1.503
Resto del Mundo;Acumulado en lo que va de año;Gasto medio por persona;2023M05;1.479
Resto del Mundo;Acumulado en lo que va de año;Gasto medio por persona;2023M04;1.479
Resto del Mundo;Acumulado en lo que va de año;Gasto medio por persona;2023M03;1.530
Resto del Mundo;Acumulado en lo que va de año;Gasto medio por persona;2023M02;1.520
Resto del Mundo;Acumulado en lo que va de año;Gasto medio por persona;2023M01;1.515
Resto del Mundo;Acumulado en lo que va de año;Gasto medio diario por persona;2023M12;213
Resto del Mundo;Acumulado en lo que va de año;Gasto medio diario por persona;2023M11;216
Resto del Mundo;Acumulado en lo que va de año;Gasto medio diario por persona;2023M10;217
Resto del Mundo;Acumulado en lo que va de año;Gasto medio diario por persona;2023M09;215
Resto del Mundo;Acumulado en lo que va de año;Gasto medio diario por persona;2023M08;213
Resto del Mundo;Acumulado en lo que va de año;Gasto medio diario por persona;2023M07;214
Resto del Mundo;Acumulado en lo que va de año;Gasto medio diario por persona;2023M06;211
Resto del Mundo;Acumulado en lo que va de año;Gasto medio diario por persona;2023M05;204
Resto del Mundo;Acumulado en lo que va de año;Gasto medio diario por persona;2023M04;197
Resto del Mundo;Acumulado en lo que va de año;Gasto medio diario por persona;2023M03;189
Resto del Mundo;Acumulado en lo que va de año;Gasto medio diario por persona;2023M02;182
Resto del Mundo;Acumulado en lo que va de año;Gasto medio diario por persona;2023M01;172
Resto del Mundo;Acumulado en lo que va de año;Duración media de los viajes;2023M12;7,22
Resto del Mundo;Acumulado en lo que va de año;Duración media de los viajes;2023M11;7,08
Resto del Mundo;Acumulado en lo que va de año;Duración media de los viajes;2023M10;7,06
Resto del Mundo;Acumulado en lo que va de año;Duración media de los viajes;2023M09;7,13
Resto del Mundo;Acumulado en lo que va de año;Duración media de los viajes;2023M08;7,21
Resto del Mundo;Acumulado en lo que va de año;Duración media de los viajes;2023M07;7,13
Resto del Mundo;Acumulado en lo que va de año;Duración media de los viajes;2023M06;7,13
Resto del Mundo;Acumulado en lo que va de año;Duración media de los viajes;2023M05;7,24
Resto del Mundo;Acumulado en lo que va de año;Duración media de los viajes;2023M04;7,51
Resto del Mundo;Acumulado en lo que va de año;Duración media de los viajes;2023M03;8,10
Resto del Mundo;Acumulado en lo que va de año;Duración media de los viajes;2023M02;8,33
Resto del Mundo;Acumulado en lo que va de año;Duración media de los viajes;2023M01;8,80
Resto del Mundo;Tasa de variación acumulada;Gasto total;2023M12;33,93
Resto del Mundo;Tasa de variación acumulada;Gasto total;2023M11;33,20
Resto del Mundo;Tasa de variación acumulada;Gasto total;2023M10;33,48
Resto del Mundo;Tasa de variación acumulada;Gasto total;2023M09;33,43
Resto del Mundo;Tasa de variación acumulada;Gasto total;2023M08;33,83
Resto del Mundo;Tasa de variación acumulada;Gasto total;2023M07;35,63
Resto del Mundo;Tasa de variación acumulada;Gasto total;2023M06;39,54
Resto del Mundo;Tasa de variación acumulada;Gasto total;2023M05;44,77
Resto del Mundo;Tasa de variación acumulada;Gasto total;2023M04;49,56
Resto del Mundo;Tasa de variación acumulada;Gasto total;2023M03;58,76
Resto del Mundo;Tasa de variación acumulada;Gasto total;2023M02;68,34
Resto del Mundo;Tasa de variación acumulada;Gasto total;2023M01;79,95
Resto del Mundo;Tasa de variación acumulada;Gasto medio por persona;2023M12;7,02
Resto del Mundo;Tasa de variación acumulada;Gasto medio por persona;2023M11;6,81
Resto del Mundo;Tasa de variación acumulada;Gasto medio por persona;2023M10;7,09
Resto del Mundo;Tasa de variación acumulada;Gasto medio por persona;2023M09;6,62
Resto del Mundo;Tasa de variación acumulada;Gasto medio por persona;2023M08;6,23
Resto del Mundo;Tasa de variación acumulada;Gasto medio por persona;2023M07;6,37
Resto del Mundo;Tasa de variación acumulada;Gasto medio por persona;2023M06;6,84
Resto del Mundo;Tasa de variación acumulada;Gasto medio por persona;2023M05;7,79
Resto del Mundo;Tasa de variación acumulada;Gasto medio por persona;2023M04;8,75
Resto del Mundo;Tasa de variación acumulada;Gasto medio por persona;2023M03;10,73
Resto del Mundo;Tasa de variación acumulada;Gasto medio por persona;2023M02;12,99
Resto del Mundo;Tasa de variación acumulada;Gasto medio por persona;2023M01;13,95
Resto del Mundo;Tasa de variación acumulada;Gasto medio diario por persona;2023M12;9,86
Resto del Mundo;Tasa de variación acumulada;Gasto medio diario por persona;2023M11;11,04
Resto del Mundo;Tasa de variación acumulada;Gasto medio diario por persona;2023M10;11,82
Resto del Mundo;Tasa de variación acumulada;Gasto medio diario por persona;2023M09;11,74
Resto del Mundo;Tasa de variación acumulada;Gasto medio diario por persona;2023M08;11,77
Resto del Mundo;Tasa de variación acumulada;Gasto medio diario por persona;2023M07;12,55
Resto del Mundo;Tasa de variación acumulada;Gasto medio diario por persona;2023M06;11,50
Resto del Mundo;Tasa de variación acumulada;Gasto medio diario por persona;2023M05;11,79
Resto del Mundo;Tasa de variación acumulada;Gasto medio diario por persona;2023M04;14,45
Resto del Mundo;Tasa de variación acumulada;Gasto medio diario por persona;2023M03;15,34
Resto del Mundo;Tasa de variación acumulada;Gasto medio diario por persona;2023M02;22,98
Resto del Mundo;Tasa de variación acumulada;Gasto medio diario por persona;2023M01;20,44
Resto del Mundo;Tasa de variación acumulada;Duración media de los viajes;2023M12;-2,59
Resto del Mundo;Tasa de variación acumulada;Duración media de los viajes;2023M11;-3,81
Resto del Mundo;Tasa de variación acumulada;Duración media de los viajes;2023M10;-4,23
Resto del Mundo;Tasa de variación acumulada;Duración media de los viajes;2023M09;-4,58
Resto del Mundo;Tasa de variación acumulada;Duración media de los viajes;2023M08;-4,96
Resto del Mundo;Tasa de variación acumulada;Duración media de los viajes;2023M07;-5,49
Resto del Mundo;Tasa de variación acumulada;Duración media de los viajes;2023M06;-4,18
Resto del Mundo;Tasa de variación acumulada;Duración media de los viajes;2023M05;-3,58
Resto del Mundo;Tasa de variación acumulada;Duración media de los viajes;2023M04;-4,98
Resto del Mundo;Tasa de variación acumulada;Duración media de los viajes;2023M03;-4,00
Resto del Mundo;Tasa de variación acumulada;Duración media de los viajes;2023M02;-8,13
Resto del Mundo;Tasa de variación acumulada;Duración media de los viajes;2023M01;-5,38
Alemania;Dato base;Gasto total;2023M12;790,70
Alemania;Dato base;Gasto total;2023M11;796,85
Alemania;Dato base;Gasto total;2023M10;1.349,96
Alemania;Dato base;Gasto total;2023M09;1.515,14
Alemania;Dato base;Gasto total;2023M08;1.444,49
Alemania;Dato base;Gasto total;2023M07;1.434,75
Alemania;Dato base;Gasto total;2023M06;1.335,63
Alemania;Dato base;Gasto total;2023M05;1.196,23
Alemania;Dato base;Gasto total;2023M04;1.251,92
Alemania;Dato base;Gasto total;2023M03;831,95
Alemania;Dato base;Gasto total;2023M02;660,57
Alemania;Dato base;Gasto total;2023M01;596,47
Alemania;Dato base;Gasto medio por persona;2023M12;1.409
Alemania;Dato base;Gasto medio por persona;2023M11;1.278
Alemania;Dato base;Gasto medio por persona;2023M10;1.178
Alemania;Dato base;Gasto medio por persona;2023M09;1.170
Alemania;Dato base;Gasto medio por persona;2023M08;1.222
Alemania;Dato base;Gasto medio por persona;2023M07;1.223
Alemania;Dato base;Gasto medio por persona;2023M06;1.155
Alemania;Dato base;Gasto medio por persona;2023M05;1.063
Alemania;Dato base;Gasto medio por persona;2023M04;1.241
Alemania;Dato base;Gasto medio por persona;2023M03;1.178
Alemania;Dato base;Gasto medio por persona;2023M02;1.241
Alemania;Dato base;Gasto medio por persona;2023M01;1.243
Alemania;Dato base;Gasto medio diario por persona;2023M12;131
Alemania;Dato base;Gasto medio diario por persona;2023M11;157
Alemania;Dato base;Gasto medio diario por persona;2023M10;160
Alemania;Dato base;Gasto medio diario por persona;2023M09;163
Alemania;Dato base;Gasto medio diario por persona;2023M08;150
Alemania;Dato base;Gasto medio diario por persona;2023M07;165
Alemania;Dato base;Gasto medio diario por persona;2023M06;167
Alemania;Dato base;Gasto medio diario por persona;2023M05;170
Alemania;Dato base;Gasto medio diario por persona;2023M04;149
Alemania;Dato base;Gasto medio diario por persona;2023M03;154
Alemania;Dato base;Gasto medio diario por persona;2023M02;143
Alemania;Dato base;Gasto medio diario por persona;2023M01;127
Alemania;Dato base;Duración media de los viajes;2023M12;10,74
Alemania;Dato base;Duración media de los viajes;2023M11;8,16
Alemania;Dato base;Duración media de los viajes;2023M10;7,35
Alemania;Dato base;Duración media de los viajes;2023M09;7,17
Alemania;Dato base;Duración media de los viajes;2023M08;8,17
Alemania;Dato base;Duración media de los viajes;2023M07;7,43
Alemania;Dato base;Duración media de los viajes;2023M06;6,91
Alemania;Dato base;Duración media de los viajes;2023M05;6,27
Alemania;Dato base;Duración media de los viajes;2023M04;8,31
Alemania;Dato base;Duración media de los viajes;2023M03;7,63
Alemania;Dato base;Duración media de los viajes;2023M02;8,68
Alemania;Dato base;Duración media de los viajes;2023M01;9,79
Alemania;Tasa de variación anual;Gasto total;2023M12;28,69
Alemania;Tasa de variación anual;Gasto total;2023M11;16,30
Alemania;Tasa de variación anual;Gasto total;2023M10;14,35
Alemania;Tasa de variación anual;Gasto total;2023M09;17,96
Alemania;Tasa de variación anual;Gasto total;2023M08;8,85
Alemania;Tasa de variación anual;Gasto total;2023M07;6,77
Alemania;Tasa de variación anual;Gasto total;2023M06;6,75
Alemania;Tasa de variación anual;Gasto total;2023M05;10,37
Alemania;Tasa de variación anual;Gasto total;2023M04;13,72
Alemania;Tasa de variación anual;Gasto total;2023M03;8,46
Alemania;Tasa de variación anual;Gasto total;2023M02;34,87
Alemania;Tasa de variación anual;Gasto total;2023M01;49,78
Alemania;Tasa de variación anual;Gasto medio por persona;2023M12;4,07
Alemania;Tasa de variación anual;Gasto medio por persona;2023M11;-1,85
Alemania;Tasa de variación anual;Gasto medio por persona;2023M10;5,68
Alemania;Tasa de variación anual;Gasto medio por persona;2023M09;3,99
Alemania;Tasa de variación anual;Gasto medio por persona;2023M08;2,32
Alemania;Tasa de variación anual;Gasto medio por persona;2023M07;-0,18
Alemania;Tasa de variación anual;Gasto medio por persona;2023M06;4,55
Alemania;Tasa de variación anual;Gasto medio por persona;2023M05;-4,16
Alemania;Tasa de variación anual;Gasto medio por persona;2023M04;11,61
Alemania;Tasa de variación anual;Gasto medio por persona;2023M03;-6,55
Alemania;Tasa de variación anual;Gasto medio por persona;2023M02;-1,30
Alemania;Tasa de variación anual;Gasto medio por persona;2023M01;-11,98
Alemania;Tasa de variación anual;Gasto medio diario por persona;2023M12;9,27
Alemania;Tasa de variación anual;Gasto medio diario por persona;2023M11;9,51
Alemania;Tasa de variación anual;Gasto medio diario por persona;2023M10;11,83
Alemania;Tasa de variación anual;Gasto medio diario por persona;2023M09;4,98
Alemania;Tasa de variación anual;Gasto medio diario por persona;2023M08;-6,57
Alemania;Tasa de variación anual;Gasto medio diario por persona;2023M07;8,68
Alemania;Tasa de variación anual;Gasto medio diario por persona;2023M06;13,45
Alemania;Tasa de variación anual;Gasto medio diario por persona;2023M05;5,19
Alemania;Tasa de variación anual;Gasto medio diario por persona;2023M04;9,42
Alemania;Tasa de variación anual;Gasto medio diario por persona;2023M03;12,90
Alemania;Tasa de variación anual;Gasto medio diario por persona;2023M02;11,23
Alemania;Tasa de variación anual;Gasto medio diario por persona;2023M01;7,19
Alemania;Tasa de variación anual;Duración media de los viajes;2023M12;-4,76
Alemania;Tasa de variación anual;Duración media de los viajes;2023M11;-10,38
Alemania;Tasa de variación anual;Duración media de los viajes;2023M10;-5,50
Alemania;Tasa de variación anual;Duración media de los viajes;2023M09;-0,94
Alemania;Tasa de variación anual;Duración media de los viajes;2023M08;9,51
Alemania;Tasa de variación anual;Duración media de los viajes;2023M07;-8,15
Alemania;Tasa de variación anual;Duración media de los viajes;2023M06;-7,84
Alemania;Tasa de variación anual;Duración media de los viajes;2023M05;-8,90
Alemania;Tasa de variación anual;Duración media de los viajes;2023M04;2,00
Alemania;Tasa de variación anual;Duración media de los viajes;2023M03;-17,22
Alemania;Tasa de variación anual;Duración media de los viajes;2023M02;-11,26
Alemania;Tasa de variación anual;Duración media de los viajes;2023M01;-17,88
Alemania;Acumulado en lo que va de año;Gasto total;2023M12;13.204,65
Alemania;Acumulado en lo que va de año;Gasto total;2023M11;12.413,95
Alemania;Acumulado en lo que va de año;Gasto total;2023M10;11.617,10
Alemania;Acumulado en lo que va de año;Gasto total;2023M09;10.267,15
Alemania;Acumulado en lo que va de año;Gasto total;2023M08;8.752,00
Alemania;Acumulado en lo que va de año;Gasto total;2023M07;7.307,51
Alemania;Acumulado en lo que va de año;Gasto total;2023M06;5.872,76
Alemania;Acumulado en lo que va de año;Gasto total;2023M05;4.537,13
Alemania;Acumulado en lo que va de año;Gasto total;2023M04;3.340,90
Alemania;Acumulado en lo que va de año;Gasto total;2023M03;2.088,98
Alemania;Acumulado en lo que va de año;Gasto total;2023M02;1.257,04
Alemania;Acumulado en lo que va de año;Gasto total;2023M01;596,47
Alemania;Acumulado en lo que va de año;Gasto medio por persona;2023M12;1.202
Alemania;Acumulado en lo que va de año;Gasto medio por persona;2023M11;1.190
Alemania;Acumulado en lo que va de año;Gasto medio por persona;2023M10;1.185
Alemania;Acumulado en lo que va de año;Gasto medio por persona;2023M09;1.186
Alemania;Acumulado en lo que va de año;Gasto medio por persona;2023M08;1.189
Alemania;Acumulado en lo que va de año;Gasto medio por persona;2023M07;1.182
Alemania;Acumulado en lo que va de año;Gasto medio por persona;2023M06;1.173
Alemania;Acumulado en lo que va de año;Gasto medio por persona;2023M05;1.178
Alemania;Acumulado en lo que va de año;Gasto medio por persona;2023M04;1.225
Alemania;Acumulado en lo que va de año;Gasto medio por persona;2023M03;1.216
Alemania;Acumulado en lo que va de año;Gasto medio por persona;2023M02;1.242
Alemania;Acumulado en lo que va de año;Gasto medio por persona;2023M01;1.243
Alemania;Acumulado en lo que va de año;Gasto medio diario por persona;2023M12;155
Alemania;Acumulado en lo que va de año;Gasto medio diario por persona;2023M11;157
Alemania;Acumulado en lo que va de año;Gasto medio diario por persona;2023M10;157
Alemania;Acumulado en lo que va de año;Gasto medio diario por persona;2023M09;156
Alemania;Acumulado en lo que va de año;Gasto medio diario por persona;2023M08;155
Alemania;Acumulado en lo que va de año;Gasto medio diario por persona;2023M07;156
Alemania;Acumulado en lo que va de año;Gasto medio diario por persona;2023M06;154
Alemania;Acumulado en lo que va de año;Gasto medio diario por persona;2023M05;151
Alemania;Acumulado en lo que va de año;Gasto medio diario por persona;2023M04;145
Alemania;Acumulado en lo que va de año;Gasto medio diario por persona;2023M03;142
Alemania;Acumulado en lo que va de año;Gasto medio diario por persona;2023M02;135
Alemania;Acumulado en lo que va de año;Gasto medio diario por persona;2023M01;127
Alemania;Acumulado en lo que va de año;Duración media de los viajes;2023M12;7,76
Alemania;Acumulado en lo que va de año;Duración media de los viajes;2023M11;7,60
Alemania;Acumulado en lo que va de año;Duración media de los viajes;2023M10;7,57
Alemania;Acumulado en lo que va de año;Duración media de los viajes;2023M09;7,60
Alemania;Acumulado en lo que va de año;Duración media de los viajes;2023M08;7,67
Alemania;Acumulado en lo que va de año;Duración media de los viajes;2023M07;7,58
Alemania;Acumulado en lo que va de año;Duración media de los viajes;2023M06;7,61
Alemania;Acumulado en lo que va de año;Duración media de los viajes;2023M05;7,82
Alemania;Acumulado en lo que va de año;Duración media de los viajes;2023M04;8,46
Alemania;Acumulado en lo que va de año;Duración media de los viajes;2023M03;8,56
Alemania;Acumulado en lo que va de año;Duración media de los viajes;2023M02;9,21
Alemania;Acumulado en lo que va de año;Duración media de los viajes;2023M01;9,79
Alemania;Tasa de variación acumulada;Gasto total;2023M12;14,56
Alemania;Tasa de variación acumulada;Gasto total;2023M11;13,76
Alemania;Tasa de variación acumulada;Gasto total;2023M10;13,59
Alemania;Tasa de variación acumulada;Gasto total;2023M09;13,50
Alemania;Tasa de variación acumulada;Gasto total;2023M08;12,76
Alemania;Tasa de variación acumulada;Gasto total;2023M07;13,56
Alemania;Tasa de variación acumulada;Gasto total;2023M06;15,35
Alemania;Tasa de variación acumulada;Gasto total;2023M05;18,16
Alemania;Tasa de variación acumulada;Gasto total;2023M04;21,22
Alemania;Tasa de variación acumulada;Gasto total;2023M03;26,21
Alemania;Tasa de variación acumulada;Gasto total;2023M02;41,55
Alemania;Tasa de variación acumulada;Gasto total;2023M01;49,78
Alemania;Tasa de variación acumulada;Gasto medio por persona;2023M12;1,83
Alemania;Tasa de variación acumulada;Gasto medio por persona;2023M11;1,62
Alemania;Tasa de variación acumulada;Gasto medio por persona;2023M10;1,82
Alemania;Tasa de variación acumulada;Gasto medio por persona;2023M09;1,31
Alemania;Tasa de variación acumulada;Gasto medio por persona;2023M08;0,87
Alemania;Tasa de variación acumulada;Gasto medio por persona;2023M07;0,61
Alemania;Tasa de variación acumulada;Gasto medio por persona;2023M06;0,87
Alemania;Tasa de variación acumulada;Gasto medio por persona;2023M05;-0,40
Alemania;Tasa de variación acumulada;Gasto medio por persona;2023M04;0,91
Alemania;Tasa de variación acumulada;Gasto medio por persona;2023M03;-5,98
Alemania;Tasa de variación acumulada;Gasto medio por persona;2023M02;-6,08
Alemania;Tasa de variación acumulada;Gasto medio por persona;2023M01;-11,98
Alemania;Tasa de variación acumulada;Gasto medio diario por persona;2023M12;6,91
Alemania;Tasa de variación acumulada;Gasto medio diario por persona;2023M11;6,90
Alemania;Tasa de variación acumulada;Gasto medio diario por persona;2023M10;6,72
Alemania;Tasa de variación acumulada;Gasto medio diario por persona;2023M09;6,07
Alemania;Tasa de variación acumulada;Gasto medio diario por persona;2023M08;6,20
Alemania;Tasa de variación acumulada;Gasto medio diario por persona;2023M07;8,92
Alemania;Tasa de variación acumulada;Gasto medio diario por persona;2023M06;9,09
Alemania;Tasa de variación acumulada;Gasto medio diario por persona;2023M05;8,07
Alemania;Tasa de variación acumulada;Gasto medio diario por persona;2023M04;9,45
Alemania;Tasa de variación acumulada;Gasto medio diario por persona;2023M03;9,69
Alemania;Tasa de variación acumulada;Gasto medio diario por persona;2023M02;8,95
Alemania;Tasa de variación acumulada;Gasto medio diario por persona;2023M01;7,19
Alemania;Tasa de variación acumulada;Duración media de los viajes;2023M12;-4,75
Alemania;Tasa de variación acumulada;Duración media de los viajes;2023M11;-4,94
Alemania;Tasa de variación acumulada;Duración media de los viajes;2023M10;-4,59
Alemania;Tasa de variación acumulada;Duración media de los viajes;2023M09;-4,48
Alemania;Tasa de variación acumulada;Duración media de los viajes;2023M08;-5,02
Alemania;Tasa de variación acumulada;Duración media de los viajes;2023M07;-7,63
Alemania;Tasa de variación acumulada;Duración media de los viajes;2023M06;-7,53
Alemania;Tasa de variación acumulada;Duración media de los viajes;2023M05;-7,84
Alemania;Tasa de variación acumulada;Duración media de los viajes;2023M04;-7,80
Alemania;Tasa de variación acumulada;Duración media de los viajes;2023M03;-14,28
Alemania;Tasa de variación acumulada;Duración media de los viajes;2023M02;-13,80
Alemania;Tasa de variación acumulada;Duración media de los viajes;2023M01;-17,88
Francia;Dato base;Gasto total;2023M12;610,62
Francia;Dato base;Gasto total;2023M11;477,49
Francia;Dato base;Gasto total;2023M10;792,00
Francia;Dato base;Gasto total;2023M09;807,40
Francia;Dato base;Gasto total;2023M08;1.969,50
Francia;Dato base;Gasto total;2023M07;1.475,74
Francia;Dato base;Gasto total;2023M06;742,74
Francia;Dato base;Gasto total;2023M05;841,80
Francia;Dato base;Gasto total;2023M04;772,87
Francia;Dato base;Gasto total;2023M03;474,29
Francia;Dato base;Gasto total;2023M02;428,91
Francia;Dato base;Gasto total;2023M01;344,99
Francia;Dato base;Gasto medio por persona;2023M12;746
Francia;Dato base;Gasto medio por persona;2023M11;746
Francia;Dato base;Gasto medio por persona;2023M10;795
Francia;Dato base;Gasto medio por persona;2023M09;842
Francia;Dato base;Gasto medio por persona;2023M08;997
Francia;Dato base;Gasto medio por persona;2023M07;945
Francia;Dato base;Gasto medio por persona;2023M06;817
Francia;Dato base;Gasto medio por persona;2023M05;732
Francia;Dato base;Gasto medio por persona;2023M04;739
Francia;Dato base;Gasto medio por persona;2023M03;790
Francia;Dato base;Gasto medio por persona;2023M02;683
Francia;Dato base;Gasto medio por persona;2023M01;712
Francia;Dato base;Gasto medio diario por persona;2023M12;97
Francia;Dato base;Gasto medio diario por persona;2023M11;109
Francia;Dato base;Gasto medio diario por persona;2023M10;114
Francia;Dato base;Gasto medio diario por persona;2023M09;115
Francia;Dato base;Gasto medio diario por persona;2023M08;122
Francia;Dato base;Gasto medio diario por persona;2023M07;131
Francia;Dato base;Gasto medio diario por persona;2023M06;137
Francia;Dato base;Gasto medio diario por persona;2023M05;128
Francia;Dato base;Gasto medio diario por persona;2023M04;116
Francia;Dato base;Gasto medio diario por persona;2023M03;117
Francia;Dato base;Gasto medio diario por persona;2023M02;112
Francia;Dato base;Gasto medio diario por persona;2023M01;98
Francia;Dato base;Duración media de los viajes;2023M12;7,70
Francia;Dato base;Duración media de los viajes;2023M11;6,83
Francia;Dato base;Duración media de los viajes;2023M10;6,98
Francia;Dato base;Duración media de los viajes;2023M09;7,33
Francia;Dato base;Duración media de los viajes;2023M08;8,20
Francia;Dato base;Duración media de los viajes;2023M07;7,21
Francia;Dato base;Duración media de los viajes;2023M06;5,98
Francia;Dato base;Duración media de los viajes;2023M05;5,72
Francia;Dato base;Duración media de los viajes;2023M04;6,37
Francia;Dato base;Duración media de los viajes;2023M03;6,77
Francia;Dato base;Duración media de los viajes;2023M02;6,07
Francia;Dato base;Duración media de los viajes;2023M01;7,25
Francia;Tasa de variación anual;Gasto total;2023M12;17,35
Francia;Tasa de variación anual;Gasto total;2023M11;12,27
Francia;Tasa de variación anual;Gasto total;2023M10;14,32
Francia;Tasa de variación anual;Gasto total;2023M09;6,13
Francia;Tasa de variación anual;Gasto total;2023M08;21,51
Francia;Tasa de variación anual;Gasto total;2023M07;20,45
Francia;Tasa de variación anual;Gasto total;2023M06;16,32
Francia;Tasa de variación anual;Gasto total;2023M05;18,30
Francia;Tasa de variación anual;Gasto total;2023M04;30,67
Francia;Tasa de variación anual;Gasto total;2023M03;41,11
Francia;Tasa de variación anual;Gasto total;2023M02;11,76
Francia;Tasa de variación anual;Gasto total;2023M01;35,52
Francia;Tasa de variación anual;Gasto medio por persona;2023M12;-5,06
Francia;Tasa de variación anual;Gasto medio por persona;2023M11;3,37
Francia;Tasa de variación anual;Gasto medio por persona;2023M10;5,13
Francia;Tasa de variación anual;Gasto medio por persona;2023M09;1,38
Francia;Tasa de variación anual;Gasto medio por persona;2023M08;1,35
Francia;Tasa de variación anual;Gasto medio por persona;2023M07;9,57
Francia;Tasa de variación anual;Gasto medio por persona;2023M06;11,24
Francia;Tasa de variación anual;Gasto medio por persona;2023M05;-4,36
Francia;Tasa de variación anual;Gasto medio por persona;2023M04;3,29
Francia;Tasa de variación anual;Gasto medio por persona;2023M03;7,44
Francia;Tasa de variación anual;Gasto medio por persona;2023M02;-8,53
Francia;Tasa de variación anual;Gasto medio por persona;2023M01;-2,81
Francia;Tasa de variación anual;Gasto medio diario por persona;2023M12;-5,67
Francia;Tasa de variación anual;Gasto medio diario por persona;2023M11;-3,11
Francia;Tasa de variación anual;Gasto medio diario por persona;2023M10;3,12
Francia;Tasa de variación anual;Gasto medio diario por persona;2023M09;1,57
Francia;Tasa de variación anual;Gasto medio diario por persona;2023M08;1,67
Francia;Tasa de variación anual;Gasto medio diario por persona;2023M07;7,89
Francia;Tasa de variación anual;Gasto medio diario por persona;2023M06;5,20
Francia;Tasa de variación anual;Gasto medio diario por persona;2023M05;0,48
Francia;Tasa de variación anual;Gasto medio diario por persona;2023M04;-3,07
Francia;Tasa de variación anual;Gasto medio diario por persona;2023M03;6,55
Francia;Tasa de variación anual;Gasto medio diario por persona;2023M02;2,16
Francia;Tasa de variación anual;Gasto medio diario por persona;2023M01;11,77
Francia;Tasa de variación anual;Duración media de los viajes;2023M12;0,64
Francia;Tasa de variación anual;Duración media de los viajes;2023M11;6,70
Francia;Tasa de variación anual;Duración media de los viajes;2023M10;1,95
Francia;Tasa de variación anual;Duración media de los viajes;2023M09;-0,19
Francia;Tasa de variación anual;Duración media de los viajes;2023M08;-0,31
Francia;Tasa de variación anual;Duración media de los viajes;2023M07;1,56
Francia;Tasa de variación anual;Duración media de los viajes;2023M06;5,74
Francia;Tasa de variación anual;Duración media de los viajes;2023M05;-4,82
Francia;Tasa de variación anual;Duración media de los viajes;2023M04;6,56
Francia;Tasa de variación anual;Duración media de los viajes;2023M03;0,84
Francia;Tasa de variación anual;Duración media de los viajes;2023M02;-10,47
Francia;Tasa de variación anual;Duración media de los viajes;2023M01;-13,05
Francia;Acumulado en lo que va de año;Gasto total;2023M12;9.738,37
Francia;Acumulado en lo que va de año;Gasto total;2023M11;9.127,75
Francia;Acumulado en lo que va de año;Gasto total;2023M10;8.650,26
Francia;Acumulado en lo que va de año;Gasto total;2023M09;7.858,25
Francia;Acumulado en lo que va de año;Gasto total;2023M08;7.050,85
Francia;Acumulado en lo que va de año;Gasto total;2023M07;5.081,35
Francia;Acumulado en lo que va de año;Gasto total;2023M06;3.605,61
Francia;Acumulado en lo que va de año;Gasto total;2023M05;2.862,87
Francia;Acumulado en lo que va de año;Gasto total;2023M04;2.021,07
Francia;Acumulado en lo que va de año;Gasto total;2023M03;1.248,19
Francia;Acumulado en lo que va de año;Gasto total;2023M02;773,91
Francia;Acumulado en lo que va de año;Gasto total;2023M01;344,99
Francia;Acumulado en lo que va de año;Gasto medio por persona;2023M12;828
Francia;Acumulado en lo que va de año;Gasto medio por persona;2023M11;834
Francia;Acumulado en lo que va de año;Gasto medio por persona;2023M10;839
Francia;Acumulado en lo que va de año;Gasto medio por persona;2023M09;844
Francia;Acumulado en lo que va de año;Gasto medio por persona;2023M08;844
Francia;Acumulado en lo que va de año;Gasto medio por persona;2023M07;796
Francia;Acumulado en lo que va de año;Gasto medio por persona;2023M06;748
Francia;Acumulado en lo que va de año;Gasto medio por persona;2023M05;732
Francia;Acumulado en lo que va de año;Gasto medio por persona;2023M04;732
Francia;Acumulado en lo que va de año;Gasto medio por persona;2023M03;729
Francia;Acumulado en lo que va de año;Gasto medio por persona;2023M02;696
Francia;Acumulado en lo que va de año;Gasto medio por persona;2023M01;712
Francia;Acumulado en lo que va de año;Gasto medio diario por persona;2023M12;118
Francia;Acumulado en lo que va de año;Gasto medio diario por persona;2023M11;120
Francia;Acumulado en lo que va de año;Gasto medio diario por persona;2023M10;121
Francia;Acumulado en lo que va de año;Gasto medio diario por persona;2023M09;122
Francia;Acumulado en lo que va de año;Gasto medio diario por persona;2023M08;123
Francia;Acumulado en lo que va de año;Gasto medio diario por persona;2023M07;123
Francia;Acumulado en lo que va de año;Gasto medio diario por persona;2023M06;120
Francia;Acumulado en lo que va de año;Gasto medio diario por persona;2023M05;116
Francia;Acumulado en lo que va de año;Gasto medio diario por persona;2023M04;112
Francia;Acumulado en lo que va de año;Gasto medio diario por persona;2023M03;110
Francia;Acumulado en lo que va de año;Gasto medio diario por persona;2023M02;106
Francia;Acumulado en lo que va de año;Gasto medio diario por persona;2023M01;98
Francia;Acumulado en lo que va de año;Duración media de los viajes;2023M12;6,98
Francia;Acumulado en lo que va de año;Duración media de los viajes;2023M11;6,93
Francia;Acumulado en lo que va de año;Duración media de los viajes;2023M10;6,94
Francia;Acumulado en lo que va de año;Duración media de los viajes;2023M09;6,93
Francia;Acumulado en lo que va de año;Duración media de los viajes;2023M08;6,89
Francia;Acumulado en lo que va de año;Duración media de los viajes;2023M07;6,48
Francia;Acumulado en lo que va de año;Duración media de los viajes;2023M06;6,24
Francia;Acumulado en lo que va de año;Duración media de los viajes;2023M05;6,30
Francia;Acumulado en lo que va de año;Duración media de los viajes;2023M04;6,54
Francia;Acumulado en lo que va de año;Duración media de los viajes;2023M03;6,65
Francia;Acumulado en lo que va de año;Duración media de los viajes;2023M02;6,58
Francia;Acumulado en lo que va de año;Duración media de los viajes;2023M01;7,25
Francia;Tasa de variación acumulada;Gasto total;2023M12;19,32
Francia;Tasa de variación acumulada;Gasto total;2023M11;19,46
Francia;Tasa de variación acumulada;Gasto total;2023M10;19,88
Francia;Tasa de variación acumulada;Gasto total;2023M09;20,47
Francia;Tasa de variación acumulada;Gasto total;2023M08;22,37
Francia;Tasa de variación acumulada;Gasto total;2023M07;22,70
Francia;Tasa de variación acumulada;Gasto total;2023M06;23,65
Francia;Tasa de variación acumulada;Gasto total;2023M05;25,70
Francia;Tasa de variación acumulada;Gasto total;2023M04;29,06
Francia;Tasa de variación acumulada;Gasto total;2023M03;28,09
Francia;Tasa de variación acumulada;Gasto total;2023M02;21,23
Francia;Tasa de variación acumulada;Gasto total;2023M01;35,52
Francia;Tasa de variación acumulada;Gasto medio por persona;2023M12;2,37
Francia;Tasa de variación acumulada;Gasto medio por persona;2023M11;2,92
Francia;Tasa de variación acumulada;Gasto medio por persona;2023M10;2,84
Francia;Tasa de variación acumulada;Gasto medio por persona;2023M09;2,56
Francia;Tasa de variación acumulada;Gasto medio por persona;2023M08;2,71
Francia;Tasa de variación acumulada;Gasto medio por persona;2023M07;3,19
Francia;Tasa de variación acumulada;Gasto medio por persona;2023M06;1,23
Francia;Tasa de variación acumulada;Gasto medio por persona;2023M05;-1,11
Francia;Tasa de variación acumulada;Gasto medio por persona;2023M04;0,37
Francia;Tasa de variación acumulada;Gasto medio por persona;2023M03;-1,39
Francia;Tasa de variación acumulada;Gasto medio por persona;2023M02;-6,12
Francia;Tasa de variación acumulada;Gasto medio por persona;2023M01;-2,81
Francia;Tasa de variación acumulada;Gasto medio diario por persona;2023M12;2,18
Francia;Tasa de variación acumulada;Gasto medio diario por persona;2023M11;2,82
Francia;Tasa de variación acumulada;Gasto medio diario por persona;2023M10;3,16
Francia;Tasa de variación acumulada;Gasto medio diario por persona;2023M09;3,13
Francia;Tasa de variación acumulada;Gasto medio diario por persona;2023M08;3,25
Francia;Tasa de variación acumulada;Gasto medio diario por persona;2023M07;3,87
Francia;Tasa de variación acumulada;Gasto medio diario por persona;2023M06;2,39
Francia;Tasa de variación acumulada;Gasto medio diario por persona;2023M05;1,97
Francia;Tasa de variación acumulada;Gasto medio diario por persona;2023M04;2,91
Francia;Tasa de variación acumulada;Gasto medio diario por persona;2023M03;6,29
Francia;Tasa de variación acumulada;Gasto medio diario por persona;2023M02;5,63
Francia;Tasa de variación acumulada;Gasto medio diario por persona;2023M01;11,77
Francia;Tasa de variación acumulada;Duración media de los viajes;2023M12;0,18
Francia;Tasa de variación acumulada;Duración media de los viajes;2023M11;0,10
Francia;Tasa de variación acumulada;Duración media de los viajes;2023M10;-0,31
Francia;Tasa de variación acumulada;Duración media de los viajes;2023M09;-0,56
Francia;Tasa de variación acumulada;Duración media de los viajes;2023M08;-0,52
Francia;Tasa de variación acumulada;Duración media de los viajes;2023M07;-0,65
Francia;Tasa de variación acumulada;Duración media de los viajes;2023M06;-1,13
Francia;Tasa de variación acumulada;Duración media de los viajes;2023M05;-3,02
Francia;Tasa de variación acumulada;Duración media de los viajes;2023M04;-2,47
Francia;Tasa de variación acumulada;Duración media de los viajes;2023M03;-7,23
Francia;Tasa de variación acumulada;Duración media de los viajes;2023M02;-11,13
Francia;Tasa de variación acumulada;Duración media de los viajes;2023M01;-13,05
Italia;Dato base;Gasto total;2023M12;370,57
Italia;Dato base;Gasto total;2023M11;274,91
Italia;Dato base;Gasto total;2023M10;346,40
Italia;Dato base;Gasto total;2023M09;375,98
Italia;Dato base;Gasto total;2023M08;798,46
Italia;Dato base;Gasto total;2023M07;508,40
Italia;Dato base;Gasto total;2023M06;348,22
Italia;Dato base;Gasto total;2023M05;312,72
Italia;Dato base;Gasto total;2023M04;304,41
Italia;Dato base;Gasto total;2023M03;249,13
Italia;Dato base;Gasto total;2023M02;200,00
Italia;Dato base;Gasto total;2023M01;217,09
Italia;Dato base;Gasto medio por persona;2023M12;1.049
Italia;Dato base;Gasto medio por persona;2023M11;909
Italia;Dato base;Gasto medio por persona;2023M10;857
Italia;Dato base;Gasto medio por persona;2023M09;872
Italia;Dato base;Gasto medio por persona;2023M08;1.076
Italia;Dato base;Gasto medio por persona;2023M07;935
Italia;Dato base;Gasto medio por persona;2023M06;813
Italia;Dato base;Gasto medio por persona;2023M05;741
Italia;Dato base;Gasto medio por persona;2023M04;786
Italia;Dato base;Gasto medio por persona;2023M03;789
Italia;Dato base;Gasto medio por persona;2023M02;838
Italia;Dato base;Gasto medio por persona;2023M01;773
Italia;Dato base;Gasto medio diario por persona;2023M12;108
Italia;Dato base;Gasto medio diario por persona;2023M11;135
Italia;Dato base;Gasto medio diario por persona;2023M10;142
Italia;Dato base;Gasto medio diario por persona;2023M09;169
Italia;Dato base;Gasto medio diario por persona;2023M08;162
Italia;Dato base;Gasto medio diario por persona;2023M07;152
Italia;Dato base;Gasto medio diario por persona;2023M06;147
Italia;Dato base;Gasto medio diario por persona;2023M05;153
Italia;Dato base;Gasto medio diario por persona;2023M04;149
Italia;Dato base;Gasto medio diario por persona;2023M03;142
Italia;Dato base;Gasto medio diario por persona;2023M02;121
Italia;Dato base;Gasto medio diario por persona;2023M01;130
Italia;Dato base;Duración media de los viajes;2023M12;9,71
Italia;Dato base;Duración media de los viajes;2023M11;6,75
Italia;Dato base;Duración media de los viajes;2023M10;6,02
Italia;Dato base;Duración media de los viajes;2023M09;5,15
Italia;Dato base;Duración media de los viajes;2023M08;6,64
Italia;Dato base;Duración media de los viajes;2023M07;6,17
Italia;Dato base;Duración media de los viajes;2023M06;5,52
Italia;Dato base;Duración media de los viajes;2023M05;4,84
Italia;Dato base;Duración media de los viajes;2023M04;5,28
Italia;Dato base;Duración media de los viajes;2023M03;5,56
Italia;Dato base;Duración media de los viajes;2023M02;6,90
Italia;Dato base;Duración media de los viajes;2023M01;5,92
Italia;Tasa de variación anual;Gasto total;2023M12;40,54
Italia;Tasa de variación anual;Gasto total;2023M11;27,58
Italia;Tasa de variación anual;Gasto total;2023M10;23,35
Italia;Tasa de variación anual;Gasto total;2023M09;7,11
Italia;Tasa de variación anual;Gasto total;2023M08;21,12
Italia;Tasa de variación anual;Gasto total;2023M07;11,26
Italia;Tasa de variación anual;Gasto total;2023M06;8,85
Italia;Tasa de variación anual;Gasto total;2023M05;20,00
Italia;Tasa de variación anual;Gasto total;2023M04;14,61
Italia;Tasa de variación anual;Gasto total;2023M03;24,77
Italia;Tasa de variación anual;Gasto total;2023M02;44,35
Italia;Tasa de variación anual;Gasto total;2023M01;65,92
Italia;Tasa de variación anual;Gasto medio por persona;2023M12;2,38
Italia;Tasa de variación anual;Gasto medio por persona;2023M11;11,57
Italia;Tasa de variación anual;Gasto medio por persona;2023M10;8,81
Italia;Tasa de variación anual;Gasto medio por persona;2023M09;-0,23
Italia;Tasa de variación anual;Gasto medio por persona;2023M08;4,55
Italia;Tasa de variación anual;Gasto medio por persona;2023M07;-3,51
Italia;Tasa de variación anual;Gasto medio por persona;2023M06;2,57
Italia;Tasa de variación anual;Gasto medio por persona;2023M05;1,71
Italia;Tasa de variación anual;Gasto medio por persona;2023M04;-11,76
Italia;Tasa de variación anual;Gasto medio por persona;2023M03;-6,80
Italia;Tasa de variación anual;Gasto medio por persona;2023M02;0,92
Italia;Tasa de variación anual;Gasto medio por persona;2023M01;-7,33
Italia;Tasa de variación anual;Gasto medio diario por persona;2023M12;0,17
Italia;Tasa de variación anual;Gasto medio diario por persona;2023M11;-6,15
Italia;Tasa de variación anual;Gasto medio diario por persona;2023M10;0,12
Italia;Tasa de variación anual;Gasto medio diario por persona;2023M09;22,75
Italia;Tasa de variación anual;Gasto medio diario por persona;2023M08;9,16
Italia;Tasa de variación anual;Gasto medio diario por persona;2023M07;2,97
Italia;Tasa de variación anual;Gasto medio diario por persona;2023M06;0,37
Italia;Tasa de variación anual;Gasto medio diario por persona;2023M05;2,11
Italia;Tasa de variación anual;Gasto medio diario por persona;2023M04;13,71
Italia;Tasa de variación anual;Gasto medio diario por persona;2023M03;6,46
Italia;Tasa de variación anual;Gasto medio diario por persona;2023M02;15,85
Italia;Tasa de variación anual;Gasto medio diario por persona;2023M01;21,23
Italia;Tasa de variación anual;Duración media de los viajes;2023M12;2,20
Italia;Tasa de variación anual;Duración media de los viajes;2023M11;18,88
Italia;Tasa de variación anual;Duración media de los viajes;2023M10;8,67
Italia;Tasa de variación anual;Duración media de los viajes;2023M09;-18,72
Italia;Tasa de variación anual;Duración media de los viajes;2023M08;-4,23
Italia;Tasa de variación anual;Duración media de los viajes;2023M07;-6,29
Italia;Tasa de variación anual;Duración media de los viajes;2023M06;2,19
Italia;Tasa de variación anual;Duración media de los viajes;2023M05;-0,39
Italia;Tasa de variación anual;Duración media de los viajes;2023M04;-22,40
Italia;Tasa de variación anual;Duración media de los viajes;2023M03;-12,45
Italia;Tasa de variación anual;Duración media de los viajes;2023M02;-12,89
Italia;Tasa de variación anual;Duración media de los viajes;2023M01;-23,56
Italia;Acumulado en lo que va de año;Gasto total;2023M12;4.306,30
Italia;Acumulado en lo que va de año;Gasto total;2023M11;3.935,72
Italia;Acumulado en lo que va de año;Gasto total;2023M10;3.660,81
Italia;Acumulado en lo que va de año;Gasto total;2023M09;3.314,41
Italia;Acumulado en lo que va de año;Gasto total;2023M08;2.938,43
Italia;Acumulado en lo que va de año;Gasto total;2023M07;2.139,97
Italia;Acumulado en lo que va de año;Gasto total;2023M06;1.631,57
Italia;Acumulado en lo que va de año;Gasto total;2023M05;1.283,35
Italia;Acumulado en lo que va de año;Gasto total;2023M04;970,63
Italia;Acumulado en lo que va de año;Gasto total;2023M03;666,22
Italia;Acumulado en lo que va de año;Gasto total;2023M02;417,09
Italia;Acumulado en lo que va de año;Gasto total;2023M01;217,09
Italia;Acumulado en lo que va de año;Gasto medio por persona;2023M12;888
Italia;Acumulado en lo que va de año;Gasto medio por persona;2023M11;875
Italia;Acumulado en lo que va de año;Gasto medio por persona;2023M10;873
Italia;Acumulado en lo que va de año;Gasto medio por persona;2023M09;875
Italia;Acumulado en lo que va de año;Gasto medio por persona;2023M08;875
Italia;Acumulado en lo que va de año;Gasto medio por persona;2023M07;818
Italia;Acumulado en lo que va de año;Gasto medio por persona;2023M06;787
Italia;Acumulado en lo que va de año;Gasto medio por persona;2023M05;780
Italia;Acumulado en lo que va de año;Gasto medio por persona;2023M04;794
Italia;Acumulado en lo que va de año;Gasto medio por persona;2023M03;798
Italia;Acumulado en lo que va de año;Gasto medio por persona;2023M02;803
Italia;Acumulado en lo que va de año;Gasto medio por persona;2023M01;773
Italia;Acumulado en lo que va de año;Gasto medio diario por persona;2023M12;144
Italia;Acumulado en lo que va de año;Gasto medio diario por persona;2023M11;149
Italia;Acumulado en lo que va de año;Gasto medio diario por persona;2023M10;150
Italia;Acumulado en lo que va de año;Gasto medio diario por persona;2023M09;150
Italia;Acumulado en lo que va de año;Gasto medio diario por persona;2023M08;148
Italia;Acumulado en lo que va de año;Gasto medio diario por persona;2023M07;144
Italia;Acumulado en lo que va de año;Gasto medio diario por persona;2023M06;142
Italia;Acumulado en lo que va de año;Gasto medio diario por persona;2023M05;140
Italia;Acumulado en lo que va de año;Gasto medio diario por persona;2023M04;137
Italia;Acumulado en lo que va de año;Gasto medio diario por persona;2023M03;132
Italia;Acumulado en lo que va de año;Gasto medio diario por persona;2023M02;126
Italia;Acumulado en lo que va de año;Gasto medio diario por persona;2023M01;130
Italia;Acumulado en lo que va de año;Duración media de los viajes;2023M12;6,17
Italia;Acumulado en lo que va de año;Duración media de los viajes;2023M11;5,89
Italia;Acumulado en lo que va de año;Duración media de los viajes;2023M10;5,83
Italia;Acumulado en lo que va de año;Duración media de los viajes;2023M09;5,81
Italia;Acumulado en lo que va de año;Duración media de los viajes;2023M08;5,90
Italia;Acumulado en lo que va de año;Duración media de los viajes;2023M07;5,68
Italia;Acumulado en lo que va de año;Duración media de los viajes;2023M06;5,56
Italia;Acumulado en lo que va de año;Duración media de los viajes;2023M05;5,57
Italia;Acumulado en lo que va de año;Duración media de los viajes;2023M04;5,82
Italia;Acumulado en lo que va de año;Duración media de los viajes;2023M03;6,07
Italia;Acumulado en lo que va de año;Duración media de los viajes;2023M02;6,37
Italia;Acumulado en lo que va de año;Duración media de los viajes;2023M01;5,92
Italia;Tasa de variación acumulada;Gasto total;2023M12;21,57
Italia;Tasa de variación acumulada;Gasto total;2023M11;20,04
Italia;Tasa de variación acumulada;Gasto total;2023M10;19,51
Italia;Tasa de variación acumulada;Gasto total;2023M09;19,12
Italia;Tasa de variación acumulada;Gasto total;2023M08;20,86
Italia;Tasa de variación acumulada;Gasto total;2023M07;20,76
Italia;Tasa de variación acumulada;Gasto total;2023M06;24,06
Italia;Tasa de variación acumulada;Gasto total;2023M05;28,95
Italia;Tasa de variación acumulada;Gasto total;2023M04;32,12
Italia;Tasa de variación acumulada;Gasto total;2023M03;42,03
Italia;Tasa de variación acumulada;Gasto total;2023M02;54,83
Italia;Tasa de variación acumulada;Gasto total;2023M01;65,92
Italia;Tasa de variación acumulada;Gasto medio por persona;2023M12;0,54
Italia;Tasa de variación acumulada;Gasto medio por persona;2023M11;0,21
Italia;Tasa de variación acumulada;Gasto medio por persona;2023M10;-0,57
Italia;Tasa de variación acumulada;Gasto medio por persona;2023M09;-1,53
Italia;Tasa de variación acumulada;Gasto medio por persona;2023M08;-1,73
Italia;Tasa de variación acumulada;Gasto medio por persona;2023M07;-3,52
Italia;Tasa de variación acumulada;Gasto medio por persona;2023M06;-3,10
Italia;Tasa de variación acumulada;Gasto medio por persona;2023M05;-4,70
Italia;Tasa de variación acumulada;Gasto medio por persona;2023M04;-7,31
Italia;Tasa de variación acumulada;Gasto medio por persona;2023M03;-4,85
Italia;Tasa de variación acumulada;Gasto medio por persona;2023M02;-3,53
Italia;Tasa de variación acumulada;Gasto medio por persona;2023M01;-7,33
Italia;Tasa de variación acumulada;Gasto medio diario por persona;2023M12;5,60
Italia;Tasa de variación acumulada;Gasto medio diario por persona;2023M11;6,69
Italia;Tasa de variación acumulada;Gasto medio diario por persona;2023M10;7,75
Italia;Tasa de variación acumulada;Gasto medio diario por persona;2023M09;8,58
Italia;Tasa de variación acumulada;Gasto medio diario por persona;2023M08;6,99
Italia;Tasa de variación acumulada;Gasto medio diario por persona;2023M07;6,26
Italia;Tasa de variación acumulada;Gasto medio diario por persona;2023M06;7,52
Italia;Tasa de variación acumulada;Gasto medio diario por persona;2023M05;9,90
Italia;Tasa de variación acumulada;Gasto medio diario por persona;2023M04;12,66
Italia;Tasa de variación acumulada;Gasto medio diario por persona;2023M03;13,13
Italia;Tasa de variación acumulada;Gasto medio diario por persona;2023M02;18,66
Italia;Tasa de variación acumulada;Gasto medio diario por persona;2023M01;21,23
Italia;Tasa de variación acumulada;Duración media de los viajes;2023M12;-4,78
Italia;Tasa de variación acumulada;Duración media de los viajes;2023M11;-6,07
Italia;Tasa de variación acumulada;Duración media de los viajes;2023M10;-7,72
Italia;Tasa de variación acumulada;Duración media de los viajes;2023M09;-9,32
Italia;Tasa de variación acumulada;Duración media de los viajes;2023M08;-8,14
Italia;Tasa de variación acumulada;Duración media de los viajes;2023M07;-9,20
Italia;Tasa de variación acumulada;Duración media de los viajes;2023M06;-9,88
Italia;Tasa de variación acumulada;Duración media de los viajes;2023M05;-13,29
Italia;Tasa de variación acumulada;Duración media de los viajes;2023M04;-17,73
Italia;Tasa de variación acumulada;Duración media de los viajes;2023M03;-15,89
Italia;Tasa de variación acumulada;Duración media de los viajes;2023M02;-18,70
Italia;Tasa de variación acumulada;Duración media de los viajes;2023M01;-23,56
